,category,api
0,synchronisation,GetSystemTimeAsFileTime
1,exception,SetUnhandledExceptionFilter
2,system,SetErrorMode
3,file,GetFileAttributesW
4,misc,CreateActCtxW
5,misc,CreateActCtxW
6,misc,CreateActCtxW
7,system,NtClose
8,misc,CreateActCtxW
9,synchronisation,GetSystemTimeAsFileTime
10,process,NtAllocateVirtualMemory
11,process,NtFreeVirtualMemory
12,process,NtAllocateVirtualMemory
13,system,LdrLoadDll
14,system,LdrGetProcedureAddress
15,system,LdrGetProcedureAddress
16,system,LdrGetProcedureAddress
17,ui,LoadStringW
18,ui,LoadStringW
